group,n,G_naive,G_weighted,bias,bias_pct
All Tasks,3259,0.6559683673540576,0.6544573936033183,0.001510973750739275,0.23034247167039537
Software Dev,632,0.6514511531818451,0.650823616855573,0.0006275363262721045,0.09632899154557717
Writing,535,0.6521811736394211,0.6513545502777307,0.0008266233616903707,0.1267475043901521
