complexity_bin,w,s,delta,G_naive,G_weighted,bias,bias_pct
low,0.33150784958013874,0.7759092317183525,0.8429970019469544,0.6559683673540576,0.6544573936033183,0.001510973750739275,0.23034247167039537
medium,0.3329682365826944,0.7327608007650738,0.9074400157784728,0.6559683673540576,0.6544573936033183,0.001510973750739275,0.23034247167039537
high,0.33552391383716684,0.6839582557103021,0.9421948751290821,0.6559683673540576,0.6544573936033183,0.001510973750739275,0.23034247167039537
